{"cameraMode":{"drawMode":0,"name":"Shaded","section":"Shading Mode"},"sceneLighting":true,"audioPlay":false,"sceneViewState":{"showFog":true,"showMaterialUpdate":false,"showSkybox":true,"showFlares":true,"showImageEffects":true,"showParticleSystems":true},"in2DMode":false,"pivot":{"x":488.863525390625,"y":-1.103142261505127,"z":537.3662109375},"rotation":{"x":-0.12094392627477646,"y":0.09573421627283097,"z":-0.011719767935574055,"w":-0.9879792928695679},"size":32.00826644897461,"orthographic":false}