{"cameraMode":{"drawMode":0,"name":"Shaded","section":"Shading Mode"},"sceneLighting":true,"audioPlay":false,"sceneViewState":{"showFog":true,"showMaterialUpdate":false,"showSkybox":true,"showFlares":true,"showImageEffects":true,"showParticleSystems":true},"in2DMode":false,"pivot":{"x":4.6220703125,"y":1.07666015625,"z":0.5986328125},"rotation":{"x":0.21865203976631165,"y":-0.22791089117527009,"z":0.05258318409323692,"w":0.9474326968193054},"size":13.1046724319458,"orthographic":true}