{"cameraMode":{"drawMode":0,"name":"Shaded","section":"Shading Mode"},"sceneLighting":true,"audioPlay":false,"sceneViewState":{"showFog":true,"showMaterialUpdate":false,"showSkybox":true,"showFlares":true,"showImageEffects":true,"showParticleSystems":true},"in2DMode":false,"pivot":{"x":491.4233703613281,"y":-0.9725360870361328,"z":521.89892578125},"rotation":{"x":-0.17490890622138978,"y":0.2171851247549057,"z":-0.03961934894323349,"w":-0.9595496654510498},"size":9.396007537841797,"orthographic":false}