{"cameraMode":{"drawMode":0,"name":"Shaded","section":"Shading Mode"},"sceneLighting":true,"audioPlay":false,"sceneViewState":{"showFog":true,"showMaterialUpdate":false,"showSkybox":true,"showFlares":true,"showImageEffects":true,"showParticleSystems":true},"in2DMode":false,"pivot":{"x":493.9768371582031,"y":-1.4026970863342286,"z":520.509033203125},"rotation":{"x":-0.2024506777524948,"y":0.5025442838668823,"z":-0.12234732508659363,"w":-0.831571638584137},"size":37.05415725708008,"orthographic":false}