{"cameraMode":{"drawMode":0,"name":"Shaded","section":"Shading Mode"},"sceneLighting":true,"audioPlay":false,"sceneViewState":{"showFog":true,"showMaterialUpdate":false,"showSkybox":true,"showFlares":true,"showImageEffects":true,"showParticleSystems":true},"in2DMode":false,"pivot":{"x":1.0779447555541993,"y":-3.5694801807403566,"z":1.8993682861328126},"rotation":{"x":-0.09483591467142105,"y":-0.5173220634460449,"z":0.05784326046705246,"w":-0.8486132025718689},"size":28.36610221862793,"orthographic":false}