{"cameraMode":{"drawMode":0,"name":"Shaded","section":"Shading Mode"},"sceneLighting":false,"audioPlay":false,"sceneViewState":{"showFog":true,"showMaterialUpdate":false,"showSkybox":false,"showFlares":true,"showImageEffects":true,"showParticleSystems":true},"in2DMode":false,"pivot":{"x":-0.7100000381469727,"y":1.5399999618530274,"z":0.06999999284744263},"rotation":{"x":0.006747388280928135,"y":-0.9923864006996155,"z":0.06290780007839203,"w":0.10606309771537781},"size":2.8578836917877199,"orthographic":false}